{"cameraMode":{"drawMode":0,"name":"Shaded","section":"Shading Mode"},"sceneLighting":false,"audioPlay":false,"sceneViewState":{"showFog":true,"showMaterialUpdate":false,"showSkybox":true,"showFlares":true,"showImageEffects":true,"showParticleSystems":true},"in2DMode":false,"pivot":{"x":-2.430000066757202,"y":0.08000001311302185,"z":1.4000000953674317},"rotation":{"x":-0.1207565888762474,"y":-0.8156675696372986,"z":0.5349829792976379,"w":-0.18411290645599366},"size":4.145310878753662,"orthographic":false}