{"cameraMode":{"drawMode":0,"name":"Shaded","section":"Shading Mode"},"sceneLighting":true,"audioPlay":false,"sceneViewState":{"showFog":true,"showMaterialUpdate":false,"showSkybox":true,"showFlares":true,"showImageEffects":true,"showParticleSystems":true},"in2DMode":false,"pivot":{"x":3.580185890197754,"y":3.1395468711853029,"z":-20.851797103881837},"rotation":{"x":0.2044522613286972,"y":-0.3301192820072174,"z":0.07347450405359268,"w":0.9185982942581177},"size":4.997353553771973,"orthographic":true}