{"cameraMode":{"drawMode":0,"name":"Shaded","section":"Shading Mode"},"sceneLighting":false,"audioPlay":false,"sceneViewState":{"showFog":true,"showMaterialUpdate":false,"showSkybox":true,"showFlares":true,"showImageEffects":true,"showParticleSystems":true},"in2DMode":false,"pivot":{"x":0.1121620237827301,"y":5.0,"z":1.3366999626159669},"rotation":{"x":0.08004054427146912,"y":0.8055648803710938,"z":-0.576317548751831,"w":0.11187908053398133},"size":4.967654228210449,"orthographic":false}